[
  {
    "id": "RYffukSB",
    "color": "red"
  },
  {
    "id": "Nmj_Aalkk",
    "color": "green"
  },
  {
    "id": "dPa_1y9h2",
    "color": "blue"
  },
  {
    "id": "6T1eYm5rU",
    "color": "orange"
  },
  {
    "id": "jxtYi-4Ho",
    "color": "yellow"
  },
  {
    "id": "KXUab8FM0",
    "color": "pink"
  },
  {
    "id": "prrS7d1hK",
    "color": "black"
  },
  {
    "id": "_CeUKCy7H",
    "color": "white"
  },
  {
    "id": "pgbYX_Wsc",
    "color": "grey"
  },
  {
    "id": "U8g991om8",
    "color": "goldenrod"
  },
  {
    "id": "KssK8Q7UP",
    "color": "darkblue"
  },
  {
    "id": "EGflqDBS3",
    "color": "darkred"
  },
  {
    "id": "j9aiAQ1dB",
    "color": "lightblue"
  },
  {
    "id": "GiKqTrINl",
    "color": "lightred"
  }
]
